"0","##the following code states that any time the system runs across a pipes to replace it with the indicated value/character. Followed by an output
pwd
tr '|' '\t' < /home/shared/8TB_HDD_02/cberry1/Claudia-Halibut/assignments/output/Ab_4-uniprot_blastx.tab | head -5"
"1","/home/shared/8TB_HDD_02/cberry1/Claudia-Halibut/assignments
solid0078_20110412_FRAG_BC_WHITE_WHITE_F3_QV_SE_trimmed_contig_3	sp	O42248	GBLP_DANRE	82.456	171	30	0	1	513	35	205	2.83e-103	301
solid0078_20110412_FRAG_BC_WHITE_WHITE_F3_QV_SE_trimmed_contig_5	sp	Q08013	SSRG_RAT	75.385	65	16	0	3	197	121	185	1.41e-28	104
solid0078_20110412_FRAG_BC_WHITE_WHITE_F3_QV_SE_trimmed_contig_6	sp	P12234	S25A3_BOVIN	76.623	77	18	0	2	232	286	362	7.35e-24	98.6
solid0078_20110412_FRAG_BC_WHITE_WHITE_F3_QV_SE_trimmed_contig_9	sp	Q41629	ADT1_WHEAT	82.258	62	11	0	3	188	170	231	6.12e-28	104
solid0078_20110412_FRAG_BC_WHITE_WHITE_F3_QV_SE_trimmed_contig_13	sp	Q32NG4	GALD1_XENLA	54.444	90	40	1	1	270	140	228	1.52e-28	106
"
"2","tr: write error: Broken pipe
tr: write error
"
