"0","##the following code provides details about what the document does as well as the function time for DNA sequences

#NOTE: the '\\' acts as an indicator to connect the lines of code, so while it is displayed as separate lines, it is all one

/home/shared/8TB_HDD_02/cberry1/applications/ncbi-blast-2.16.0+/bin/makeblastdb \

-in ../blastdb/uniprot_sprot_r2025_01.fasta \

-dbtype prot \

-out ../blastdb/uniprot_sprot_r2025_01"
"2","USAGE
  makeblastdb [-h] [-help] [-in input_file] [-input_type type]
    -dbtype molecule_type [-title database_title] [-parse_seqids]
    [-hash_index] [-mask_data mask_data_files] [-mask_id mask_algo_ids]
    [-mask_desc mask_algo_descriptions] [-gi_mask]
    [-gi_mask_name gi_based_mask_names] [-out database_name]
    [-blastdb_version version] [-max_file_sz number_of_bytes]
    [-metadata_output_prefix ] [-logfile File_Name] [-taxid TaxID]
    [-taxid_map TaxIDMapFile] [-oid_masks oid_masks] [-version]

DESCRIPTION
   Application to create BLAST databases, version 2.16.0+

Use '-help' to print detailed descriptions of command line arguments
========================================================================

Error: Argument ""dbtype"". Mandatory value is missing:  `String, `nucl', `prot''
Error:  (CArgException::eNoArg) Argument ""dbtype"". Mandatory value is missing:  `String, `nucl', `prot''
"
"2","/tmp/RtmplruTu0/chunk-code-45565b63977.txt: line 7: -in: command not found
/tmp/RtmplruTu0/chunk-code-45565b63977.txt: line 9: -dbtype: command not found
/tmp/RtmplruTu0/chunk-code-45565b63977.txt: line 11: -out: command not found
"
