"0","##check current directory and head function writes in the first few lines from the set data file

##now at this point my directory would not change no matter how much I set, so I worked around it

head -2 output/Ab_4-uniprot_blastx.tab

wc -l output/Ab_4-uniprot_blastx.tab

#NOTE: the below code has {{}}. This allows for better data manipulation in the following-up code
"
"1","solid0078_20110412_FRAG_BC_WHITE_WHITE_F3_QV_SE_trimmed_contig_3	sp|O42248|GBLP_DANRE	82.456	171	30	0	1	513	35	205	2.83e-103	301
solid0078_20110412_FRAG_BC_WHITE_WHITE_F3_QV_SE_trimmed_contig_5	sp|Q08013|SSRG_RAT	75.385	65	16	0	3	197	121	185	1.41e-28	104
765 output/Ab_4-uniprot_blastx.tab
"
